ricoh_process_time,yolo_frame_time,lidar_scan_time,yolo_processing_time,person_id,yolo_angle_deg,lidar_mean_x_rover,lidar_mean_y_rover,lidar_angle_deg_rover
1783396710.2130427,1783396710.1706588,1783396709.9630427,0.04238390922546387,1,78.07397994944816,0.9641347512538521,3.5051753098917104,74.62053405508765
1783396710.2810764,1783396710.1706588,1783396710.0310764,0.11041760444641113,1,78.07397994944816,0.9641347512538521,3.5051753098917104,74.62053405508765
1783396710.3385441,1783396710.3073142,1783396710.0885441,0.03122997283935547,1,78.30660253220044,0.9183198904762007,3.4518262339332613,75.10217104438742
1783396710.3947651,1783396710.3073142,1783396710.1447651,0.08745098114013672,1,78.30660253220044,0.8974387018090426,3.3223838565016575,74.88407501620239
1783396710.5265408,1783396710.4440706,1783396710.2765408,0.08247017860412598,1,77.07864380245887,1.0008360122181115,3.35607607694641,73.3945708706202
1783396710.5922637,1783396710.5813038,1783396710.3422637,0.010959863662719727,1,75.95563092931455,1.0455081857292647,3.2781870529007997,72.31102110032425
1783396710.648947,1783396710.5813038,1783396710.398947,0.0676431655883789,1,75.95563092931455,1.0455081857292647,3.2781870529007997,72.31102110032425
1783396710.7114584,1783396710.5813038,1783396710.4614584,0.13015460968017578,1,75.95563092931455,0.9778351196362138,3.0306715254055376,72.1178934385511
1783396710.766685,1783396710.7215157,1783396710.516685,0.04516935348510742,1,74.77103024042421,1.1317239655099725,3.1090640282765096,69.99809279539859
1783396710.8142288,1783396710.7215157,1783396710.5642288,0.0927131175994873,1,74.77103024042421,1.1317239655099725,3.1090640282765096,69.99809279539859
1783396710.8633602,1783396710.7215157,1783396710.6133602,0.1418445110321045,1,74.77103024042421,1.1562704941810638,3.045043429520661,69.20712024362263
1783396710.9144683,1783396710.8602564,1783396710.6644683,0.05421185493469238,1,73.82860073874586,1.3010472206802268,3.2560331596726293,68.21931592070881
1783396710.968521,1783396710.8602564,1783396710.718521,0.10826468467712402,1,73.82860073874586,1.2488410748284715,3.8393723072914083,71.98173358413077
1783396711.027978,1783396710.9984558,1783396710.777978,0.029522180557250977,1,73.29668609675278,1.323986083090332,3.925831791870618,71.3633304463622
1783396711.0878959,1783396710.9984558,1783396710.8378959,0.08944010734558105,1,73.29668609675278,1.2965368342836767,3.7174916045422868,70.77293543120231
1783396711.1354218,1783396710.9984558,1783396710.8854218,0.13696599006652832,1,73.29668609675278,1.2965368342836767,3.7174916045422868,70.77293543120231
1783396711.1917493,1783396711.135393,1783396710.9417493,0.05635643005371094,1,71.55694129250215,1.5435505606266218,3.3536810013741527,65.28548238920922
1783396711.2426176,1783396711.135393,1783396710.9926176,0.10722470283508301,1,71.55694129250215,1.5435505606266218,3.3536810013741527,65.28548238920922
1783396711.2941904,1783396711.2766483,1783396711.0441904,0.017542123794555664,1,69.90259434344419,1.4592028502871734,3.1989856798281675,65.48011417028394
1783396711.3500063,1783396711.2766483,1783396711.1000063,0.07335805892944336,1,69.90259434344419,1.4592028502871734,3.1989856798281675,65.48011417028394
1783396711.4040668,1783396711.2766483,1783396711.1540668,0.12741851806640625,1,69.90259434344419,1.421476678383892,3.0879215085853087,65.28175541138519
1783396711.4619,1783396711.4213889,1783396711.2119,0.040511131286621094,1,67.6675105602059,1.7517016049437928,3.5306843812539697,63.61230937056531
1783396711.5189397,1783396711.4213889,1783396711.2689397,0.09755086898803711,1,67.6675105602059,1.6520684984956628,3.3018284061936716,63.41892691074596
1783396711.5644617,1783396711.4213889,1783396711.3144617,0.14307284355163574,1,67.6675105602059,1.5138257195550995,3.019347850992268,63.37195524293441
1783396711.6319728,1783396711.5680757,1783396711.3819728,0.06389713287353516,1,65.74701845994922,1.9573003282209411,3.5697250565924104,61.26379358152693
1783396711.679817,1783396711.5680757,1783396711.429817,0.11174130439758301,1,65.74701845994922,1.9141439002054557,3.5001357951005683,61.32676357415204
1783396711.7248096,1783396711.7121928,1783396711.4748096,0.012616872787475586,1,65.64787143395732,1.956390830925452,3.547235770729667,61.122146013823254
1783396711.7710316,1783396711.7121928,1783396711.5210316,0.058838844299316406,1,65.64787143395732,1.9479655391395316,3.553229267386928,61.26738973334555
1783396711.8171628,1783396711.7121928,1783396711.5671628,0.10496997833251953,1,65.64787143395732,1.9479655391395316,3.553229267386928,61.26738973334555
1783396711.8619955,1783396711.856786,1783396711.6119955,0.005209445953369141,1,65.77570525446328,1.9571207624068458,3.5505436047364336,61.1356895485769
1783396711.9135442,1783396711.856786,1783396711.6635442,0.05675816535949707,1,65.77570525446328,1.9746756246006063,3.5666905596598513,61.029171530906446
1783396711.9574559,1783396711.856786,1783396711.7074559,0.10066986083984375,1,65.77570525446328,1.9746756246006063,3.5666905596598513,61.029171530906446
1783396712.0088003,1783396712.0020652,1783396711.7588003,0.006735086441040039,1,64.88010352973453,2.17014871776119,3.8180646252931285,60.38654481300093
1783396712.0606284,1783396712.0020652,1783396711.8106284,0.058563232421875,1,64.88010352973453,2.17014871776119,3.8180646252931285,60.38654481300093
1783396712.108272,1783396712.0020652,1783396711.858272,0.10620689392089844,1,64.88010352973453,2.1112230094432767,3.7307310575837223,60.494451737202
1783396712.1511822,1783396712.1452022,1783396711.9011822,0.005980014801025391,1,64.6891451009193,2.0468970381348255,3.7216701998243558,61.189461229813766
1783396712.20159,1783396712.1452022,1783396711.95159,0.056387901306152344,1,64.6891451009193,1.9961582457628984,3.620604222044676,61.13060596611984
1783396712.2446964,1783396712.1452022,1783396711.9946964,0.09949421882629395,1,64.6891451009193,1.9961582457628984,3.620604222044676,61.13060596611984
1783396712.314357,1783396712.2943037,1783396712.064357,0.020053386688232422,1,63.5479502642044,2.192176961267916,3.6879021084968877,59.27174059614996
1783396712.3613183,1783396712.2943037,1783396712.1113183,0.06701469421386719,1,63.5479502642044,2.0159274945472117,3.4129396907852616,59.43084799592702
1783396712.4150462,1783396712.2943037,1783396712.1650462,0.1207425594329834,1,63.5479502642044,2.0159274945472117,3.4129396907852616,59.43084799592702
1783396712.471437,1783396712.4403217,1783396712.221437,0.031115293502807617,1,63.421769349477586,1.9515736369379397,3.173120427466627,58.40711425822938
1783396712.5181425,1783396712.4403217,1783396712.2681425,0.0778207778930664,1,63.421769349477586,1.9515736369379397,3.173120427466627,58.40711425822938
1783396712.564519,1783396712.4403217,1783396712.314519,0.12419724464416504,1,63.421769349477586,1.8750152068073127,3.0440296580026875,58.36839156168053
1783396712.6094003,1783396712.5932517,1783396712.3594003,0.01614856719970703,1,63.04312415245959,2.0230654863800663,3.1820736352373187,57.553042203649426
1783396712.6566038,1783396712.5932517,1783396712.4066038,0.06335210800170898,1,63.04312415245959,2.0230654863800663,3.1820736352373187,57.553042203649426
1783396712.708015,1783396712.5932517,1783396712.458015,0.11476325988769531,1,63.04312415245959,1.9187112606024361,3.0333105148677575,57.68472631415491
1783396712.75008,1783396712.7442343,1783396712.50008,0.005845785140991211,1,62.37117014191374,1.9446812911645854,3.0736640129011623,57.67880805782063
1783396712.8008153,1783396712.7442343,1783396712.5508153,0.05658102035522461,1,62.37117014191374,1.8591802699202662,2.9670069937859833,57.92799739957877
1783396712.851782,1783396712.7442343,1783396712.601782,0.10754776000976562,1,62.37117014191374,1.8591802699202662,2.9670069937859833,57.92799739957877
1783396712.9033597,1783396712.893201,1783396712.6533597,0.010158538818359375,1,61.960586980336764,1.8112335619183655,2.880068967383054,57.834808731603445
1783396712.9505606,1783396712.893201,1783396712.7005606,0.05735945701599121,1,61.960586980336764,1.8112335619183655,2.880068967383054,57.834808731603445
1783396712.9995944,1783396712.893201,1783396712.7495944,0.10639333724975586,1,61.960586980336764,1.7122858035888868,2.7613704857594477,58.197548667819355
1783396713.0488322,1783396713.0440228,1783396712.7988322,0.004809379577636719,1,61.487186568963175,1.8777664202744455,2.886206960734785,56.951969738953885
1783396713.1011698,1783396713.0440228,1783396712.8511698,0.05714702606201172,1,61.487186568963175,1.9387611943785859,2.975330162273837,56.91124693731568
1783396713.1510053,1783396713.0440228,1783396712.9010053,0.10698246955871582,1,61.487186568963175,1.9387611943785859,2.975330162273837,56.91124693731568
1783396713.1978106,1783396713.1930988,1783396712.9478106,0.00471186637878418,1,64.13962223124592,1.6915329087196496,2.785544155442194,58.73161449478364
1783396713.2457688,1783396713.1930988,1783396712.9957688,0.05267000198364258,1,64.13962223124592,1.6915329087196496,2.785544155442194,58.73161449478364
1783396713.2929285,1783396713.1930988,1783396713.0429285,0.09982967376708984,1,64.13962223124592,1.8272067331722552,3.102335376121146,59.50285830719886
1783396713.342009,1783396713.1930988,1783396713.092009,0.1489102840423584,1,64.13962223124592,1.8272067331722552,3.102335376121146,59.50285830719886
1783396713.3986328,1783396713.340089,1783396713.1486328,0.05854368209838867,1,67.88795491566806,1.6075994137410843,3.0739064986711098,62.39121856086101
1783396713.454812,1783396713.340089,1783396713.204812,0.11472296714782715,1,67.88795491566806,1.6075994137410843,3.0739064986711098,62.39121856086101
1783396713.5134537,1783396713.4883878,1783396713.2634537,0.025065898895263672,1,71.25982806360659,1.290016248506862,3.0408290514154337,67.01180120717623
1783396713.566484,1783396713.4883878,1783396713.316484,0.07809615135192871,1,71.25982806360659,1.4129419717771257,3.434460666767317,67.63766478406522
1783396713.6213412,1783396713.4883878,1783396713.3713412,0.13295340538024902,1,71.25982806360659,1.4129419717771257,3.434460666767317,67.63766478406522
1783396713.680642,1783396713.637384,1783396713.430642,0.043257951736450195,1,74.63565589107456,1.192205739157027,3.0708310175183047,68.78201816717602
1783396713.7350442,1783396713.637384,1783396713.4850442,0.09766030311584473,1,74.63565589107456,1.192205739157027,3.0708310175183047,68.78201816717602
1783396713.786527,1783396713.637384,1783396713.536527,0.14914298057556152,1,74.63565589107456,1.2574782232628128,3.2846158761527096,69.05121784321138
1783396713.836505,1783396713.7860281,1783396713.586505,0.050476789474487305,1,79.27510286594074,0.9135565667838832,2.7590431906387476,71.67959344629097
1783396713.882771,1783396713.7860281,1783396713.632771,0.09674286842346191,1,79.27510286594074,0.9471326736006587,2.9788831646471423,72.3619941231002
1783396713.9291124,1783396713.7860281,1783396713.6791124,0.14308428764343262,1,79.27510286594074,0.9471326736006587,2.9788831646471423,72.3619941231002
1783396713.9861743,1783396713.9372623,1783396713.7361743,0.04891204833984375,1,84.3972461396409,0.5903159626703942,2.844857422202632,78.27732364151133
1783396714.0419881,1783396713.9372623,1783396713.7919881,0.10472583770751953,1,84.3972461396409,0.5903159626703942,2.844857422202632,78.27732364151133
1783396714.0962236,1783396713.9372623,1783396713.8462236,0.15896129608154297,1,84.3972461396409,0.6436663588830919,3.3259725957842132,79.04710421908281
1783396714.1504087,1783396714.0919662,1783396713.9004087,0.05844259262084961,1,85.82933873310664,0.6035683314747817,3.131136028535263,79.08929780199202
1783396714.2017257,1783396714.0919662,1783396713.9517257,0.10975956916809082,1,85.82933873310664,0.5966868462912874,3.401999187113548,80.05190776343984
1783396714.247951,1783396714.0919662,1783396713.997951,0.15598487854003906,1,85.82933873310664,0.5966868462912874,3.401999187113548,80.05190776343984
1783396714.2997339,1783396714.250911,1783396714.0497339,0.048822879791259766,1,90.38926864565553,0.3729980097970731,3.0416759074080595,83.00877455560176
1783396714.345978,1783396714.250911,1783396714.095978,0.09506702423095703,1,90.38926864565553,0.3729980097970731,3.0416759074080595,83.00877455560176
1783396714.3987994,1783396714.250911,1783396714.1487994,0.1478884220123291,1,90.38926864565553,0.3396182659270133,3.153675877452042,83.85352460928101
1783396714.4476626,1783396714.3990986,1783396714.1976626,0.04856395721435547,1,94.41334972724941,0.15550354653397944,2.7971915911815772,86.81804589399273
1783396714.4941964,1783396714.3990986,1783396714.2441964,0.09509778022766113,1,94.41334972724941,0.11052765490325255,3.1063844164772982,87.96222974680386
1783396714.5384555,1783396714.3990986,1783396714.2884555,0.1393568515777588,1,94.41334972724941,0.11052765490325255,3.1063844164772982,87.96222974680386
1783396714.59152,1783396714.5516872,1783396714.34152,0.03983283042907715,1,100.55700243283833,-0.17953030828794872,3.117091894398587,93.29633447871741
1783396714.6418114,1783396714.5516872,1783396714.3918114,0.09012413024902344,1,100.55700243283833,-0.17953030828794872,3.117091894398587,93.29633447871741
1783396714.691013,1783396714.5516872,1783396714.441013,0.13932585716247559,1,100.55700243283833,-0.2629036699222156,3.4495933462665858,94.35825497381396
1783396714.7443888,1783396714.699785,1783396714.4943888,0.044603824615478516,1,105.82053062235775,-0.4284882485458322,3.0684325685428187,97.94960515459174
1783396714.7912042,1783396714.699785,1783396714.5412042,0.09141921997070312,1,105.82053062235775,-0.5423013574136959,3.429292433975209,98.9862235669897
1783396714.838346,1783396714.699785,1783396714.588346,0.13856101036071777,1,105.82053062235775,-0.5423013574136959,3.429292433975209,98.9862235669897
1783396714.8955324,1783396714.8512084,1783396714.6455324,0.04432392120361328,1,110.5169277145235,-0.7338238450540805,3.362722817430715,102.31027436425106
1783396714.9471405,1783396714.8512084,1783396714.6971405,0.0959320068359375,1,110.5169277145235,-0.7338238450540805,3.362722817430715,102.31027436425106
1783396714.992508,1783396714.8512084,1783396714.742508,0.14129948616027832,1,110.5169277145235,-0.8264088360583233,3.5264605706890086,103.18898801033184
1783396715.0476933,1783396714.9991105,1783396714.7976933,0.04858279228210449,1,115.13801514090069,-0.8672714788340724,3.0996155006728467,105.63160374939397
1783396715.0936518,1783396714.9991105,1783396714.8436518,0.09454131126403809,1,115.13801514090069,-0.9803518145485532,3.396927589358495,106.09811675875685
1783396715.1410108,1783396714.9991105,1783396714.8910108,0.14190030097961426,1,115.13801514090069,-0.9803518145485532,3.396927589358495,106.09811675875685
1783396715.1914272,1783396715.1547964,1783396714.9414272,0.036630868911743164,1,120.46743416534322,-1.0948913009048824,2.8688533351340477,110.88924036991773
1783396715.2357495,1783396715.1547964,1783396714.9857495,0.08095312118530273,1,120.46743416534322,-1.0948913009048824,2.8688533351340477,110.88924036991773
1783396715.3004875,1783396715.1547964,1783396715.0504875,0.1456911563873291,1,120.46743416534322,-1.2350122640372105,3.150111276672786,111.40783819119788
1783396715.3554199,1783396715.3116736,1783396715.1054199,0.043746232986450195,1,124.656307221042,-1.2526554265086476,2.5909530356760575,115.8025056803998
1783396715.4108992,1783396715.3116736,1783396715.1608992,0.09922552108764648,1,124.656307221042,-1.2920548550328785,2.734712476277201,115.28907660037376
1783396715.4622197,1783396715.3116736,1783396715.2122197,0.15054607391357422,1,124.656307221042,-1.37580332308816,2.892217989614671,115.44003275331195
1783396715.5239437,1783396715.4656649,1783396715.2739437,0.058278799057006836,1,128.26477812182978,-1.5421905372375218,2.601323641500131,120.66151382429001
1783396715.5838754,1783396715.4656649,1783396715.3338754,0.1182105541229248,1,128.26477812182978,-1.607009551219619,2.716130396855413,120.61085298836127
1783396715.6419687,1783396715.6136749,1783396715.3919687,0.028293848037719727,1,131.50216484501075,-1.5163431657628539,2.1662057224461724,124.99200528813778
1783396715.6940622,1783396715.6136749,1783396715.4440622,0.08038735389709473,1,131.50216484501075,-1.5705950312196642,2.339525654466516,123.87466833600712
1783396715.744612,1783396715.6136749,1783396715.494612,0.1309370994567871,1,131.50216484501075,-1.5705950312196642,2.339525654466516,123.87466833600712
1783396715.7952087,1783396715.7611318,1783396715.5452087,0.03407692909240723,1,132.84399648859477,-1.5734026332134663,2.3877913419950265,123.3823414585822
1783396715.8434868,1783396715.7611318,1783396715.5934868,0.08235502243041992,1,132.84399648859477,-1.5734026332134663,2.3877913419950265,123.3823414585822
1783396715.89283,1783396715.7611318,1783396715.64283,0.1316981315612793,1,132.84399648859477,-1.841343024175533,2.729528018634097,124.00365179280605
1783396715.9423742,1783396715.912029,1783396715.6923742,0.03034520149230957,1,134.13428752470188,-1.802497252303847,2.591489058966505,124.82035080227246
1783396715.9914272,1783396715.912029,1783396715.7414272,0.07939815521240234,1,134.13428752470188,-2.0111397325827727,2.8596601136644537,125.11792631973215
1783396716.0420039,1783396715.912029,1783396715.7920039,0.1299748420715332,1,134.13428752470188,-2.0111397325827727,2.8596601136644537,125.11792631973215
1783396716.1020231,1783396716.0600076,1783396715.8520231,0.04201555252075195,1,136.45037735149654,-2.1166748219422478,2.9380885202666773,125.76995191304641
1783396716.1526341,1783396716.0600076,1783396715.9026341,0.09262657165527344,1,136.45037735149654,-2.1166748219422478,2.9380885202666773,125.76995191304641
1783396716.2050867,1783396716.0600076,1783396715.9550867,0.1450791358947754,1,136.45037735149654,-2.1878390286881366,3.0439378437236417,125.70679942187458
1783396716.260524,1783396716.2091851,1783396716.010524,0.051338911056518555,1,140.2545468323835,-2.1755928719147,2.6940393997236565,128.92288362692818
1783396716.3094327,1783396716.2091851,1783396716.0594327,0.10024762153625488,1,140.2545468323835,-2.1755928719147,2.6940393997236565,128.92288362692818
1783396716.3611784,1783396716.2091851,1783396716.1111784,0.1519932746887207,1,140.2545468323835,-2.298856937200842,2.8435193118074578,128.95397436867802
1783396716.4251504,1783396716.3578448,1783396716.1751504,0.0673055648803711,1,144.20921270144257,-1.6850789104893855,1.7741540317183284,133.52496173723443
1783396716.4764726,1783396716.3578448,1783396716.2264726,0.11862778663635254,1,144.20921270144257,-1.6850789104893855,1.7741540317183284,133.52496173723443
1783396716.534034,1783396716.508423,1783396716.284034,0.025610923767089844,1,143.22592500814918,-1.7271932658937688,1.8348850838277937,133.26831216313403
1783396716.5859554,1783396716.508423,1783396716.3359554,0.07753229141235352,1,143.22592500814918,-0.8024446171744246,0.7548520772979668,136.75047132613406
1783396716.6374972,1783396716.508423,1783396716.3874972,0.1290740966796875,1,143.22592500814918,-0.8024446171744246,0.7548520772979668,136.75047132613406
1783396716.6929219,1783396716.6582778,1783396716.4429219,0.034644126892089844,1,135.3580934994281,-1.874655029920433,2.082064728022868,131.999324129513
1783396716.7421849,1783396716.6582778,1783396716.4921849,0.0839071273803711,1,135.3580934994281,-1.874655029920433,2.082064728022868,131.999324129513
1783396716.8068867,1783396716.6582778,1783396716.5568867,0.14860892295837402,1,135.3580934994281,-2.3621879115612288,2.043237256191909,139.1409616495037
1783396716.8719897,1783396716.81009,1783396716.6219897,0.061899662017822266,1,127.6396792089902,-2.6434660625431614,2.626955471857456,135.17948926150316
1783396716.938439,1783396716.81009,1783396716.688439,0.12834882736206055,1,127.6396792089902,-2.6434660625431614,2.626955471857456,135.17948926150316
1783396716.9917562,1783396716.9632185,1783396716.7417562,0.028537750244140625,1,117.21213868615845,-1.8794729432682573,2.799093879010678,123.87968738941166
1783396717.042508,1783396716.9632185,1783396716.792508,0.07928943634033203,1,117.21213868615845,-1.8794729432682573,2.799093879010678,123.87968738941166
1783396717.0965908,1783396716.9632185,1783396716.8465908,0.13337230682373047,1,117.21213868615845,-2.3195416205414103,3.681170770642869,122.21542934416586
1783396717.1529715,1783396717.1202314,1783396716.9029715,0.032740116119384766,1,102.36779486483543,-0.752574263971075,2.8506992332942622,104.78848345241464
1783396717.1994455,1783396717.1202314,1783396716.9494455,0.07921409606933594,1,102.36779486483543,-1.1324427681590126,3.2229383499667423,109.35992816258057
1783396717.2523181,1783396717.1202314,1783396717.0023181,0.13208675384521484,1,102.36779486483543,-1.1324427681590126,3.2229383499667423,109.35992816258057
1783396717.3078778,1783396717.2786715,1783396717.0578778,0.029206275939941406,1,89.26766279148023,-0.27711356079071103,3.083100907100608,95.1360262938208
1783396717.3562946,1783396717.2786715,1783396717.1062946,0.07762312889099121,1,89.26766279148023,-0.4307495534137588,3.512322477057011,96.99181322216522
1783396717.4035413,1783396717.2786715,1783396717.1535413,0.12486982345581055,1,89.26766279148023,-0.4307495534137588,3.512322477057011,96.99181322216522
1783396717.4456573,1783396717.4364564,1783396717.1956573,0.009200811386108398,1,76.85807650359165,0.504170538583946,2.4349878027706198,78.30205758044977
1783396717.4916582,1783396717.4364564,1783396717.2416582,0.05520176887512207,1,76.85807650359165,0.3099967149304342,2.4753791067756166,82.8618950256934
1783396717.5379114,1783396717.4364564,1783396717.2879114,0.1014549732208252,1,76.85807650359165,0.3099967149304342,2.4753791067756166,82.8618950256934
1783396717.5914247,1783396717.4364564,1783396717.3414247,0.15496826171875,1,76.85807650359165,0.20514859327002036,2.2949607050206833,84.89185600854218
1783396717.6415212,1783396717.5968602,1783396717.3915212,0.04466104507446289,1,67.3704314822562,0.9255477540656752,1.633733645641452,60.46744705605319
1783396717.6880302,1783396717.5968602,1783396717.4380302,0.09117007255554199,1,67.3704314822562,0.8515045116554073,1.411516235573552,58.89930118154873
1783396717.7355194,1783396717.5968602,1783396717.4855194,0.13865923881530762,1,67.3704314822562,0.8515045116554073,1.411516235573552,58.89930118154873
1783396717.7846441,1783396717.5968602,1783396717.5346441,0.18778395652770996,1,67.3704314822562,0.9513823801372414,1.5434013433493685,58.34951818924906
1783396717.8439863,1783396717.7830193,1783396717.5939863,0.06096696853637695,1,60.149828699285514,1.5122908451550428,1.872906671788251,51.0806306584429
1783396717.8941371,1783396717.7830193,1783396717.6441371,0.11111783981323242,1,60.149828699285514,1.7130694321455548,2.1913002501724073,51.98314996908471
1783396717.943511,1783396717.7830193,1783396717.693511,0.1604917049407959,1,60.149828699285514,1.7130694321455548,2.1913002501724073,51.98314996908471
1783396717.9950316,1783396717.950927,1783396717.7450316,0.044104576110839844,1,64.7168893293279,1.5640044075840085,2.3960961213787058,56.86630018355636
1783396718.0437446,1783396717.950927,1783396717.7937446,0.09281754493713379,1,64.7168893293279,1.5640044075840085,2.3960961213787058,56.86630018355636
1783396718.0930762,1783396717.950927,1783396717.8430762,0.1421492099761963,1,64.7168893293279,1.6626933143901266,2.979325418179048,60.83511389045855
1783396718.1454298,1783396718.119009,1783396717.8954298,0.02642083168029785,1,76.62236667533452,1.00192784080366,2.452954477354357,67.78206828274102
1783396718.204237,1783396718.119009,1783396717.954237,0.08522796630859375,1,76.62236667533452,1.0244647605378034,3.2691512342054265,72.60040113808778
1783396718.2649527,1783396718.119009,1783396718.0149527,0.14594364166259766,1,76.62236667533452,1.0244647605378034,3.2691512342054265,72.60040113808778
1783396718.3243413,1783396718.2829769,1783396718.0743413,0.041364431381225586,1,92.0709226910152,0.1681489840460252,3.4319259357263165,87.19500676931852
1783396718.372061,1783396718.2829769,1783396718.122061,0.08908414840698242,1,92.0709226910152,-0.24579503056444882,4.174537369877584,93.36966136290754
1783396718.4189472,1783396718.2829769,1783396718.1689472,0.1359703540802002,1,92.0709226910152,-0.24579503056444882,4.174537369877584,93.36966136290754
1783396718.4648945,1783396718.4518976,1783396718.2148945,0.012996912002563477,1,113.70744567961985,-1.20544206223384,3.5642444607045674,108.68574727892953
1783396718.5171888,1783396718.4518976,1783396718.2671888,0.06529116630554199,1,113.70744567961985,-1.20544206223384,3.5642444607045674,108.68574727892953
1783396718.5651114,1783396718.4518976,1783396718.3151114,0.11321377754211426,1,113.70744567961985,-1.20544206223384,3.5642444607045674,108.68574727892953
1783396718.6977644,1783396718.6169178,1783396718.4477644,0.08084654808044434,1,131.65756530900688,-1.9697342732699263,3.4761033078906087,119.53806359663274
1783396718.7465935,1783396718.6169178,1783396718.4965935,0.12967562675476074,1,131.65756530900688,-2.097899348973885,3.5983509566726335,120.2429071916488
1783396718.7947483,1783396718.7906291,1783396718.5447483,0.004119157791137695,1,136.93839436769395,-2.264824331611357,3.590558842221471,122.2425853346715
1783396718.842218,1783396718.7906291,1783396718.592218,0.05158877372741699,1,136.93839436769395,-2.264824331611357,3.590558842221471,122.2425853346715
1783396718.892035,1783396718.7906291,1783396718.642035,0.10140585899353027,1,136.93839436769395,-2.205786721695585,3.516328342609543,122.0999779074551
1783396718.9418142,1783396718.7906291,1783396718.6918142,0.1511850357055664,1,136.93839436769395,-2.205786721695585,3.516328342609543,122.0999779074551
1783396718.9962993,1783396718.9555595,1783396718.7462993,0.04073977470397949,1,141.94205434986188,-2.2818417295820996,3.079958785156027,126.5335490595051
1783396719.0423675,1783396718.9555595,1783396718.7923675,0.0868079662322998,1,141.94205434986188,-2.2818417295820996,3.079958785156027,126.5335490595051
1783396719.0971916,1783396718.9555595,1783396718.8471916,0.141632080078125,1,141.94205434986188,-2.642171742629497,3.443841639446074,127.49601126548842
1783396719.161324,1783396719.1148384,1783396718.911324,0.04648566246032715,1,143.7764655760089,-2.3940159927749574,2.7273497194457237,131.27604901644963
1783396719.2184234,1783396719.1148384,1783396718.9684234,0.10358500480651855,1,143.7764655760089,-2.979604989631049,3.2969288940112187,132.10575074596952
1783396719.2785861,1783396719.2706978,1783396719.0285861,0.007888317108154297,1,148.28969065501323,-3.1678945874730347,2.8414587803492175,138.10932453409302
1783396719.3374453,1783396719.2706978,1783396719.0874453,0.06674742698669434,1,148.28969065501323,-3.1678945874730347,2.8414587803492175,138.10932453409302
1783396719.4104688,1783396719.2706978,1783396719.1604688,0.1397709846496582,1,148.28969065501323,-3.8531935974099927,3.3504973639992826,138.99180864109937
1783396719.4711237,1783396719.4290233,1783396719.2211237,0.04210042953491211,1,151.0188839831886,-4.177033443229831,3.3480518976298943,141.2864925531344
1783396719.5217953,1783396719.4290233,1783396719.2717953,0.09277200698852539,1,151.0188839831886,-4.177033443229831,3.3480518976298943,141.2864925531344
1783396719.5723302,1783396719.4290233,1783396719.3223302,0.14330697059631348,1,151.0188839831886,-4.8185919852684505,3.799555869362888,141.74351625744228
1783396719.6267424,1783396719.5825279,1783396719.3767424,0.044214487075805664,1,155.07848887865572,-4.2424856753178215,3.028497787170643,144.47886169812037
1783396719.6944075,1783396719.5825279,1783396719.4444075,0.11187958717346191,1,155.07848887865572,-4.998418502497134,3.5048942624583397,144.96183690332435
1783396719.767634,1783396719.7398648,1783396719.517634,0.027769088745117188,1,156.85839519522602,-6.077338920073341,4.007066081606884,146.60131813794396
1783396719.8263896,1783396719.7398648,1783396719.5763896,0.08652472496032715,1,156.85839519522602,-6.077338920073341,4.007066081606884,146.60131813794396
1783396719.8927798,1783396719.7398648,1783396719.6427798,0.15291500091552734,1,156.85839519522602,-6.077338920073341,4.007066081606884,146.60131813794396
1783396719.9524007,1783396719.898596,1783396719.7024007,0.053804636001586914,1,157.59075539879146,-6.070591002272703,3.9773270038255175,146.76800336715502
1783396720.0203724,1783396719.898596,1783396719.7703724,0.12177634239196777,1,157.59075539879146,-6.485064744116619,4.201330145828991,147.06293427080348
1783396720.0730731,1783396720.0542197,1783396719.8230731,0.018853425979614258,1,155.0924088041842,-6.3420526785811,4.457759297126555,144.89703682650924
1783396720.1237738,1783396720.0542197,1783396719.8737738,0.06955409049987793,1,155.0924088041842,-6.3420526785811,4.457759297126555,144.89703682650924
1783396720.177586,1783396720.0542197,1783396719.927586,0.1233663558959961,1,155.0924088041842,-6.192187177771597,4.374348425448388,144.76145959543757
1783396720.2348707,1783396720.20417,1783396719.9848707,0.03070068359375,1,154.51085917749262,-6.192187177771597,4.374348425448388,144.76145959543757
1783396720.2988632,1783396720.20417,1783396720.0488632,0.09469318389892578,1,154.51085917749262,-5.497165053038204,3.9570477281854957,144.2523673897173
1783396720.3555527,1783396720.20417,1783396720.1055527,0.1513826847076416,1,154.51085917749262,-5.497165053038204,3.9570477281854957,144.2523673897173
1783396720.4107628,1783396720.3650532,1783396720.1607628,0.04570960998535156,1,154.6492114893204,-5.118438280342051,3.607007891791954,144.8273145696384
1783396720.460188,1783396720.3650532,1783396720.210188,0.09513473510742188,1,154.6492114893204,-5.118438280342051,3.607007891791954,144.8273145696384
1783396720.518654,1783396720.3650532,1783396720.268654,0.15360093116760254,1,154.6492114893204,-4.909514982621533,3.4736486623753646,144.71929591273258
1783396720.582378,1783396720.5234144,1783396720.332378,0.05896353721618652,1,154.24243274311112,-4.9173428446878145,3.3779242381395007,145.5132327450176
1783396720.6417024,1783396720.5234144,1783396720.3917024,0.11828804016113281,1,154.24243274311112,-4.9173428446878145,3.3779242381395007,145.5132327450176
1783396720.6933458,1783396720.678026,1783396720.4433458,0.01531982421875,1,154.50062755411594,-4.549289421812064,3.0446174219677857,146.20753568039206
1783396720.7467117,1783396720.678026,1783396720.4967117,0.06868577003479004,1,154.50062755411594,-4.549289421812064,3.0446174219677857,146.20753568039206
1783396720.79699,1783396720.678026,1783396720.54699,0.11896395683288574,1,154.50062755411594,-4.34801785216836,2.9072343023782015,146.23195067504489
1783396720.8455095,1783396720.8328898,1783396720.5955095,0.012619733810424805,1,154.35769901554426,-4.46084041639995,3.0025627655179545,146.05575864831573
1783396720.8956153,1783396720.8328898,1783396720.6456153,0.06272554397583008,1,154.35769901554426,-4.323147295901353,2.923719616724103,145.929737160792
1783396720.9452033,1783396720.8328898,1783396720.6952033,0.11231350898742676,1,154.35769901554426,-4.323147295901353,2.923719616724103,145.929737160792
1783396721.0001395,1783396720.982244,1783396720.7501395,0.01789546012878418,1,153.66461239970639,-3.938147505311465,2.73449363476522,145.22541787414426
1783396721.0503762,1783396720.982244,1783396720.8003762,0.06813216209411621,1,153.66461239970639,-3.938147505311465,2.73449363476522,145.22541787414426
1783396721.1103003,1783396720.982244,1783396720.8603003,0.12805628776550293,1,153.66461239970639,-3.5084634832437134,2.452785676857149,145.04239578818357
1783396721.1533358,1783396721.1414857,1783396720.9033358,0.011850118637084961,1,153.46873623468878,-3.5084634832437134,2.452785676857149,145.04239578818357
1783396721.2156613,1783396721.1414857,1783396720.9656613,0.07417559623718262,1,153.46873623468878,-2.9506845046530596,2.070755211209515,144.9392795594782
1783396721.27031,1783396721.1414857,1783396721.02031,0.12882423400878906,1,153.46873623468878,-2.840472511219287,1.993853874666318,144.93327763247117
1783396721.33136,1783396721.298931,1783396721.08136,0.03242921829223633,1,152.12324360970962,-3.392226109652045,2.4659928861499227,143.98456653998971
1783396721.381323,1783396721.298931,1783396721.131323,0.08239221572875977,1,152.12324360970962,-3.392226109652045,2.4659928861499227,143.98456653998971
1783396721.434628,1783396721.298931,1783396721.184628,0.1356971263885498,1,152.12324360970962,-3.392226109652045,2.4659928861499227,143.98456653998971
1783396721.4928644,1783396721.4519095,1783396721.2428644,0.0409548282623291,1,151.9665180890145,-2.517585481718787,1.8624772592927923,143.50644178645905
1783396721.5438335,1783396721.4519095,1783396721.2938335,0.09192395210266113,1,151.9665180890145,-2.517585481718787,1.8624772592927923,143.50644178645905
1783396721.6011374,1783396721.4519095,1783396721.3511374,0.14922785758972168,1,151.9665180890145,-2.2973579801625936,1.6997737065703544,143.50292954363994
1783396721.659901,1783396721.615248,1783396721.409901,0.04465293884277344,1,151.7304394305422,-2.4071216101024606,1.8062063039587277,143.11692603365591
1783396721.7112234,1783396721.615248,1783396721.4612234,0.09597539901733398,1,151.7304394305422,-2.21605768110814,1.6630147074409476,143.11403112481207
1783396721.7668388,1783396721.615248,1783396721.5168388,0.15159082412719727,1,151.7304394305422,-2.1402897117325415,1.6074774546225217,143.09139877231266
1783396721.8254008,1783396721.7744346,1783396721.5754008,0.05096626281738281,1,151.56965677748008,-2.253714553237108,1.7189677037139273,142.66627587265396
1783396721.8724089,1783396721.7744346,1783396721.6224089,0.09797430038452148,1,151.56965677748008,-2.5087855802569563,1.906083806346063,142.77375493078225
1783396721.9186556,1783396721.7744346,1783396721.6686556,0.14422106742858887,1,151.56965677748008,-2.5087855802569563,1.906083806346063,142.77375493078225
1783396721.9697356,1783396721.9296608,1783396721.7197356,0.040074825286865234,1,151.74312992202007,-2.3846313307083706,1.8186029272880628,142.66959455143433
1783396722.0174952,1783396721.9296608,1783396721.7674952,0.08783435821533203,1,151.74312992202007,-2.3846313307083706,1.8186029272880628,142.66959455143433
1783396722.0688038,1783396721.9296608,1783396721.8188038,0.1391429901123047,1,151.74312992202007,-2.307840066906101,1.7582568177206617,142.69758358769414
1783396722.1242588,1783396722.0799932,1783396721.8742588,0.0442655086517334,1,151.97807476909017,-2.307840066906101,1.7582568177206617,142.69758358769414
1783396722.1733634,1783396722.0799932,1783396721.9233634,0.09337019920349121,1,151.97807476909017,-2.2654224172206225,1.7255612496701747,142.70365157068056
1783396722.22034,1783396722.0799932,1783396721.97034,0.14034676551818848,1,151.97807476909017,-2.2654224172206225,1.7255612496701747,142.70365157068056
1783396722.2780733,1783396722.2220306,1783396722.0280733,0.05604267120361328,1,152.18888172763343,-2.3342937792669023,1.7754853599765692,142.74304683193338
1783396722.3275387,1783396722.2220306,1783396722.0775387,0.10550808906555176,1,152.18888172763343,-2.3342937792669023,1.7754853599765692,142.74304683193338
1783396722.3798196,1783396722.3699117,1783396722.1298196,0.009907960891723633,1,152.15673885739935,-2.260842891360824,1.7313083621542202,142.55582848070213
1783396722.425649,1783396722.3699117,1783396722.175649,0.05573725700378418,1,152.15673885739935,-2.260842891360824,1.7313083621542202,142.55582848070213
1783396722.4713628,1783396722.3699117,1783396722.2213628,0.10145115852355957,1,152.15673885739935,-2.3795129049254635,1.8212734564621607,142.5696435867838
1783396722.5206618,1783396722.5120146,1783396722.2706618,0.00864720344543457,1,151.35808483774977,-2.3795129049254635,1.8212734564621607,142.5696435867838
1783396722.5808704,1783396722.5120146,1783396722.3308704,0.06885576248168945,1,151.35808483774977,-2.173924705310785,1.656608406659582,142.6913024228148
1783396722.6376767,1783396722.5120146,1783396722.3876767,0.12566208839416504,1,151.35808483774977,-2.173924705310785,1.656608406659582,142.6913024228148
1783396722.6925926,1783396722.661293,1783396722.4425926,0.031299591064453125,1,150.7835020040116,-2.0145770825490326,1.51425261703924,143.06972309752447
1783396722.737431,1783396722.661293,1783396722.487431,0.07613801956176758,1,150.7835020040116,-2.0145770825490326,1.51425261703924,143.06972309752447
1783396722.7970235,1783396722.661293,1783396722.5470235,0.13573050498962402,1,150.7835020040116,-2.014317488787557,1.5141173035210271,143.06863604125107
1783396722.8556597,1783396722.8094482,1783396722.6056597,0.04621148109436035,1,150.39450907040106,-2.014317488787557,1.5141173035210271,143.06863604125107
1783396722.9160125,1783396722.8094482,1783396722.6660125,0.10656428337097168,1,150.39450907040106,-2.2054255910257137,1.6775248820334552,142.7420946864268
1783396722.962553,1783396722.9491355,1783396722.712553,0.013417482376098633,1,150.23484656836283,-2.1363796395564583,1.621681864474538,142.79861397044397
1783396723.0144942,1783396722.9491355,1783396722.7644942,0.06535863876342773,1,150.23484656836283,-2.1363796395564583,1.621681864474538,142.79861397044397
1783396723.0624723,1783396722.9491355,1783396722.8124723,0.11333680152893066,1,150.23484656836283,-2.210541994013324,1.6720233605422041,142.89664343775692
1783396723.1211133,1783396723.0987458,1783396722.8711133,0.022367477416992188,1,150.28431079833206,-2.210541994013324,1.6720233605422041,142.89664343775692
1783396723.1808233,1783396723.0987458,1783396722.9308233,0.0820775032043457,1,150.28431079833206,-2.038791921326802,1.5415397304762877,142.9069100239772
1783396723.2259276,1783396723.0987458,1783396722.9759276,0.1271817684173584,1,150.28431079833206,-2.038791921326802,1.5415397304762877,142.9069100239772
1783396723.2773085,1783396723.2419574,1783396723.0273085,0.03535103797912598,1,150.18172135699848,-2.203784323653713,1.6764436049885068,142.7393421890227
1783396723.3283725,1783396723.2419574,1783396723.0783725,0.08641505241394043,1,150.18172135699848,-2.203784323653713,1.6764436049885068,142.7393421890227
1783396723.3848257,1783396723.2419574,1783396723.1348257,0.1428682804107666,1,150.18172135699848,-2.2529348118069312,1.7256705514275192,142.5491275714751
1783396723.4381464,1783396723.3926091,1783396723.1881464,0.04553723335266113,1,151.29953645618443,-2.2529348118069312,1.7256705514275192,142.5491275714751
1783396723.490896,1783396723.3926091,1783396723.240896,0.09828686714172363,1,151.29953645618443,-2.252837152856059,1.725818141506882,142.54556307281223
1783396723.5411355,1783396723.3926091,1783396723.2911355,0.14852643013000488,1,151.29953645618443,-2.252837152856059,1.725818141506882,142.54556307281223
1783396723.5920486,1783396723.54195,1783396723.3420486,0.05009865760803223,1,152.01971160227055,-2.0690767775007064,1.5695567433742506,142.8168351648816
1783396723.6343396,1783396723.54195,1783396723.3843396,0.09238958358764648,1,152.01971160227055,-2.0690767775007064,1.5695567433742506,142.8168351648816
1783396723.6852999,1783396723.54195,1783396723.4352999,0.14334988594055176,1,152.01971160227055,-2.4709425333789126,1.9058915212137355,142.35621944012243
1783396723.7333999,1783396723.6914318,1783396723.4833999,0.04196810722351074,1,152.23113327783912,-2.4258335744587467,1.8591606308660382,142.53341800556439
1783396723.7838745,1783396723.6914318,1783396723.5338745,0.09244275093078613,1,152.23113327783912,-2.094299815306344,1.5961785689735584,142.68702463937623
1783396723.8371925,1783396723.6914318,1783396723.5871925,0.14576077461242676,1,152.23113327783912,-2.094299815306344,1.5961785689735584,142.68702463937623
1783396723.893531,1783396723.8380797,1783396723.643531,0.055451393127441406,1,152.2856655081725,-2.3734199733031627,1.8172280057729833,142.56023618507476
1783396723.942375,1783396723.8380797,1783396723.692375,0.10429525375366211,1,152.2856655081725,-2.3734199733031627,1.8172280057729833,142.56023618507476
1783396723.9876204,1783396723.8380797,1783396723.7376204,0.14954066276550293,1,152.2856655081725,-2.0925534611057044,1.5948543847066372,142.68690675576045
1783396724.0308216,1783396724.0161965,1783396723.7808216,0.014625072479248047,1,152.34810709756476,-2.0925534611057044,1.5948543847066372,142.68690675576045
1783396724.078645,1783396724.0161965,1783396723.828645,0.06244850158691406,1,152.34810709756476,-2.3792750744788638,1.8218528475588098,142.55808297048608
1783396724.1251543,1783396724.0161965,1783396723.8751543,0.10895776748657227,1,152.34810709756476,-2.3792750744788638,1.8218528475588098,142.55808297048608
1783396724.171691,1783396724.1661685,1783396723.921691,0.005522489547729492,1,152.2441242976405,-2.204423250406825,1.677214542319842,142.73465193609533
1783396724.2163618,1783396724.1661685,1783396723.9663618,0.05019330978393555,1,152.2441242976405,-2.204423250406825,1.677214542319842,142.73465193609533
1783396724.2634745,1783396724.1661685,1783396724.0134745,0.0973060131072998,1,152.2441242976405,-2.3312101438750785,1.7734831886967473,142.7377024846217
1783396724.3081276,1783396724.1661685,1783396724.0581276,0.14195919036865234,1,152.2441242976405,-2.3312101438750785,1.7734831886967473,142.7377024846217
1783396724.3583918,1783396724.3110075,1783396724.1083918,0.04738426208496094,1,151.49228439456218,-2.3312101438750785,1.7734831886967473,142.7377024846217
1783396724.4147742,1783396724.3110075,1783396724.1647742,0.10376667976379395,1,151.49228439456218,-2.3312101438750785,1.7734831886967473,142.7377024846217
1783396724.4644578,1783396724.4489927,1783396724.2144578,0.015465021133422852,1,151.0068355294927,-2.3344595217323922,1.776078606577815,142.73578363092545
1783396724.5082347,1783396724.4489927,1783396724.2582347,0.05924201011657715,1,151.0068355294927,-2.3344595217323922,1.776078606577815,142.73578363092545
1783396724.552608,1783396724.4489927,1783396724.302608,0.10361528396606445,1,151.0068355294927,-2.3344595217323922,1.776078606577815,142.73578363092545
1783396724.5985897,1783396724.5860884,1783396724.3485897,0.012501239776611328,1,150.4926862095308,-2.130577444157673,1.6236404091142727,142.69021078767614
1783396724.6429565,1783396724.5860884,1783396724.3929565,0.05686807632446289,1,150.4926862095308,-2.130577444157673,1.6236404091142727,142.69021078767614
